SA22021_V1_00,SA22021_V1_00_NAME,SA22021_V1_00_NAME_ASCII,REGC2021_V1_00,REGC2021_V1_00_NAME,REGC2021_V1_00_NAME_ASCII,TA2021_V1_00,TA2021_V1_00_NAME,TA2021_V1_00_NAME_ASCII,LAND_AREA_SQ_KM,AREA_SQ_KM,Shape_Length,scraped_at
110200,Okahukura Peninsula,Okahukura Peninsula,2,Auckland Region,Auckland Region,76,Auckland,Auckland,211.17145146,211.17145146,202849.722879,2021-06-03 09:41:03.236370
110300,Inlet Kaipara Harbour South,Inlet Kaipara Harbour South,2,Auckland Region,Auckland Region,76,Auckland,Auckland,0.0,391.72779153,471866.998763,
110400,Cape Rodney,Cape Rodney,2,Auckland Region,Auckland Region,76,Auckland,Auckland,370.68110984,370.68110984,163226.491031,
111900,Algies Bay-Scotts Landing,Algies Bay-Scotts Landing,2,Auckland Region,Auckland Region,76,Auckland,Auckland,15.37174828,15.37174828,45019.330137,
112000,Inlets other Auckland,Inlets other Auckland,2,Auckland Region,Auckland Region,76,Auckland,Auckland,0.0,123.22238708,599920.247539,
112100,Wainui-Waiwera,Wainui-Waiwera,2,Auckland Region,Auckland Region,76,Auckland,Auckland,78.71254182,78.71254182,67234.4989851,
112200,Parakai,Parakai,2,Auckland Region,Auckland Region,76,Auckland,Auckland,1.45487644,1.45487644,7121.77986863,
112300,Helensville Rural,Helensville Rural,2,Auckland Region,Auckland Region,76,Auckland,Auckland,57.09959995,57.09959995,78901.4655063,
112400,Helensville,Helensville,2,Auckland Region,Auckland Region,76,Auckland,Auckland,3.36569705,3.36569705,16088.9270008,
112600,Waikoukou Valley,Waikoukou Valley,2,Auckland Region,Auckland Region,76,Auckland,Auckland,52.86080582,52.86080582,42405.1143815,
116600,Paremoremo East,Paremoremo East,2,Auckland Region,Auckland Region,76,Auckland,Auckland,11.6072723,11.6072723,25710.8840281,
133500,Grey Lynn East,Grey Lynn East,2,Auckland Region,Auckland Region,76,Auckland,Auckland,0.57979534,0.57979534,4293.44553691,
112800,Hatfields Beach,Hatfields Beach,2,Auckland Region,Auckland Region,76,Auckland,Auckland,0.92325208,0.92325208,4314.58560831,
113000,Orewa Central,Orewa Central,2,Auckland Region,Auckland Region,76,Auckland,Auckland,1.4528948,1.4528948,6968.1352105,
113200,Waipatukahu,Waipatukahu,2,Auckland Region,Auckland Region,76,Auckland,Auckland,51.9311132,51.9311132,52800.7026184,
113700,Riverhead Forest,Riverhead Forest,2,Auckland Region,Auckland Region,76,Auckland,Auckland,48.43208411,48.43208411,43859.2798863,
114300,Gulf Islands,Gulf Islands,2,Auckland Region,Auckland Region,76,Auckland,Auckland,66.10192346,66.10192346,152789.233503,
121500,Totara Vale North,Totara Vale North,2,Auckland Region,Auckland Region,76,Auckland,Auckland,0.86577248,0.86577248,4153.52504614,
114400,Vipond,Vipond,2,Auckland Region,Auckland Region,76,Auckland,Auckland,1.38113819,1.38113819,6351.9968981,
114700,Kumeu Rural West,Kumeu Rural West,2,Auckland Region,Auckland Region,76,Auckland,Auckland,24.41808373,24.41808373,34089.0242737,
114800,Okura Bush,Okura Bush,2,Auckland Region,Auckland Region,76,Auckland,Auckland,28.99234271,28.99234271,37709.1493519,
115300,Muriwai Valley-Bethells Beach,Muriwai Valley-Bethells Beach,2,Auckland Region,Auckland Region,76,Auckland,Auckland,35.35731173,35.35731173,45405.9658647,
115500,Coatesville,Coatesville,2,Auckland Region,Auckland Region,76,Auckland,Auckland,24.35615097,24.35615097,26264.1576374,
115600,Dairy Flat South,Dairy Flat South,2,Auckland Region,Auckland Region,76,Auckland,Auckland,15.21402736,15.21402736,19036.6605528,
116000,Army Bay,Army Bay,2,Auckland Region,Auckland Region,76,Auckland,Auckland,6.21560447,6.21560447,15701.8771744,
116100,Kumeu Rural East,Kumeu Rural East,2,Auckland Region,Auckland Region,76,Auckland,Auckland,14.92346386,14.92346386,24965.1519384,
116300,Paremoremo West,Paremoremo West,2,Auckland Region,Auckland Region,76,Auckland,Auckland,9.47697532,9.47697532,19221.6958347,
116400,Taupaki,Taupaki,2,Auckland Region,Auckland Region,76,Auckland,Auckland,27.1991821,27.1991821,27088.1373083,
116800,Awaruku,Awaruku,2,Auckland Region,Auckland Region,76,Auckland,Auckland,1.52162664,1.52162664,6353.78396566,
117000,Whenuapai,Whenuapai,2,Auckland Region,Auckland Region,76,Auckland,Auckland,19.72256247,19.72256247,44589.6743355,
117100,Waitakere Ranges North,Waitakere Ranges North,2,Auckland Region,Auckland Region,76,Auckland,Auckland,86.8052026,86.8052026,61190.1788876,
117300,Albany Central,Albany Central,2,Auckland Region,Auckland Region,76,Auckland,Auckland,3.20948213,3.20948213,9312.73813114,
122600,Forrest Hill North,Forrest Hill North,2,Auckland Region,Auckland Region,76,Auckland,Auckland,0.73737085,0.73737085,3742.61072805,
117900,Waiake,Waiake,2,Auckland Region,Auckland Region,76,Auckland,Auckland,1.24964731,1.24964731,5809.32576995,
118700,Browns Bay South East,Browns Bay South East,2,Auckland Region,Auckland Region,76,Auckland,Auckland,0.85598227,0.85598227,4406.83809979,
118900,Greenhithe West,Greenhithe West,2,Auckland Region,Auckland Region,76,Auckland,Auckland,2.72130029,2.72130029,10683.4095407,
119200,Hobsonville,Hobsonville,2,Auckland Region,Auckland Region,76,Auckland,Auckland,2.17053222,2.17053222,10031.6520136,
119300,Inlet Waitemata Harbour,Inlet Waitemata Harbour,2,Auckland Region,Auckland Region,76,Auckland,Auckland,0.0,79.05243763,298242.933388,
120200,Hobsonville Point,Hobsonville Point,2,Auckland Region,Auckland Region,76,Auckland,Auckland,3.52155604,3.52155604,11979.9696761,
123000,Rānui North,Ranui North,2,Auckland Region,Auckland Region,76,Auckland,Auckland,1.02921375,1.02921375,5259.77466347,
123400,Forrest Hill West,Forrest Hill West,2,Auckland Region,Auckland Region,76,Auckland,Auckland,1.23523144,1.23523144,5766.6528753,
123600,Forrest Hill East,Forrest Hill East,2,Auckland Region,Auckland Region,76,Auckland,Auckland,0.92449262,0.92449262,4209.04694332,
125200,Birkenhead West,Birkenhead West,2,Auckland Region,Auckland Region,76,Auckland,Auckland,2.26230154,2.26230154,9387.17136825,
123700,Castor Bay,Castor Bay,2,Auckland Region,Auckland Region,76,Auckland,Auckland,1.44386229,1.44386229,5353.19425838,
124600,Glenfield East,Glenfield East,2,Auckland Region,Auckland Region,76,Auckland,Auckland,0.6185098,0.6185098,3412.45974915,
124700,Henderson Valley,Henderson Valley,2,Auckland Region,Auckland Region,76,Auckland,Auckland,15.03789516,15.03789516,25782.0517291,
125000,Rānui South East,Ranui South East,2,Auckland Region,Auckland Region,76,Auckland,Auckland,0.94515523,0.94515523,6305.90072246,
131600,Grey Lynn North,Grey Lynn North,2,Auckland Region,Auckland Region,76,Auckland,Auckland,0.7250584,0.7250584,4170.5590357,
133400,Hobson Ridge Central,Hobson Ridge Central,2,Auckland Region,Auckland Region,76,Auckland,Auckland,0.0633195,0.0633195,1021.31153122,
126400,Te Atatū South-Edmonton,Te Atatu South-Edmonton,2,Auckland Region,Auckland Region,76,Auckland,Auckland,1.06451885,1.06451885,5539.76519959,
127200,Akoranga,Akoranga,2,Auckland Region,Auckland Region,76,Auckland,Auckland,1.16291792,1.16291792,5677.96813468,
127600,Waiatarua,Waiatarua,2,Auckland Region,Auckland Region,76,Auckland,Auckland,11.28921716,11.28921716,24985.8221505,
128000,Waitakere Ranges South,Waitakere Ranges South,2,Auckland Region,Auckland Region,76,Auckland,Auckland,101.55291731,101.55291731,62679.2093752,
128700,Rosebank Peninsula,Rosebank Peninsula,2,Auckland Region,Auckland Region,76,Auckland,Auckland,2.36294568,2.36294568,18099.2114663,
129000,Sunnyvale West-Parrs Park,Sunnyvale West-Parrs Park,2,Auckland Region,Auckland Region,76,Auckland,Auckland,0.8416823,0.8416823,4172.09744923,
129300,Belmont (Auckland),Belmont (Auckland),2,Auckland Region,Auckland Region,76,Auckland,Auckland,1.15438772,1.15438772,5525.98435636,
130000,Oratia,Oratia,2,Auckland Region,Auckland Region,76,Auckland,Auckland,17.19048676,17.19048676,26984.9826305,
130800,Glen Eden North,Glen Eden North,2,Auckland Region,Auckland Region,76,Auckland,Auckland,0.73608748,0.73608748,4112.00690111,
130900,Glen Eden Woodglen,Glen Eden Woodglen,2,Auckland Region,Auckland Region,76,Auckland,Auckland,1.30137349,1.30137349,5801.11937216,
131000,Kelston South,Kelston South,2,Auckland Region,Auckland Region,76,Auckland,Auckland,0.83556367,0.83556367,4663.02793651,
134100,Queen Street South West,Queen Street South West,2,Auckland Region,Auckland Region,76,Auckland,Auckland,0.22878283,0.22878283,2155.95862344,
134300,Karangahape,Karangahape,2,Auckland Region,Auckland Region,76,Auckland,Auckland,0.28566049,0.28566049,2602.34228082,
135300,Symonds Street West,Symonds Street West,2,Auckland Region,Auckland Region,76,Auckland,Auckland,0.14529163,0.14529163,1993.17471484,
136300,Sandringham North,Sandringham North,2,Auckland Region,Auckland Region,76,Auckland,Auckland,0.85700837,0.85700837,4392.81235597,
136700,Titirangi South,Titirangi South,2,Auckland Region,Auckland Region,76,Auckland,Auckland,4.73741993,4.73741993,17042.1034136,
136800,Ōwairaka East,Owairaka East,2,Auckland Region,Auckland Region,76,Auckland,Auckland,0.4025211,0.4025211,3102.80905181,
137500,Laingholm,Laingholm,2,Auckland Region,Auckland Region,76,Auckland,Auckland,4.07829951,4.07829951,11082.6578818,
139700,Mount Roskill North,Mount Roskill North,2,Auckland Region,Auckland Region,76,Auckland,Auckland,0.95815631,0.95815631,3953.94284478,
140200,Epsom Central-North,Epsom Central-North,2,Auckland Region,Auckland Region,76,Auckland,Auckland,1.10588807,1.10588807,4365.09216981,
140800,Epsom Central-South,Epsom Central-South,2,Auckland Region,Auckland Region,76,Auckland,Auckland,0.98346492,0.98346492,4405.4168494,
141200,Three Kings East,Three Kings East,2,Auckland Region,Auckland Region,76,Auckland,Auckland,0.67406892,0.67406892,3721.42500774,
141400,Inlet Manukau Harbour,Inlet Manukau Harbour,2,Auckland Region,Auckland Region,76,Auckland,Auckland,0.0,374.54642908,536523.747819,
142100,Hillsborough West (Auckland),Hillsborough West (Auckland),2,Auckland Region,Auckland Region,76,Auckland,Auckland,0.84158517,0.84158517,4108.62681297,
142900,Hillsborough East (Auckland),Hillsborough East (Auckland),2,Auckland Region,Auckland Region,76,Auckland,Auckland,0.63088888,0.63088888,4401.12266103,
143400,Royal Oak East (Auckland),Royal Oak East (Auckland),2,Auckland Region,Auckland Region,76,Auckland,Auckland,0.64096747,0.64096747,3919.82598349,
143800,Greenlane South,Greenlane South,2,Auckland Region,Auckland Region,76,Auckland,Auckland,0.85264516,0.85264516,5195.18306733,
144600,Oneroa West,Oneroa West,2,Auckland Region,Auckland Region,76,Auckland,Auckland,8.42023739,8.42023739,25913.7395114,
145000,Onehunga Central,Onehunga Central,2,Auckland Region,Auckland Region,76,Auckland,Auckland,0.86447113,0.86447113,3941.59302231,
145700,Stonefields East,Stonefields East,2,Auckland Region,Auckland Region,76,Auckland,Auckland,0.4456663,0.4456663,3488.74047416,
146100,Māngere Bridge Ambury,Mangere Bridge Ambury,2,Auckland Region,Auckland Region,76,Auckland,Auckland,3.14007075,3.14007075,13737.0259358,
147300,Bays Waiheke Island,Bays Waiheke Island,2,Auckland Region,Auckland Region,76,Auckland,Auckland,0.0,35.90706564,109913.256158,
147400,Sylvia Park,Sylvia Park,2,Auckland Region,Auckland Region,76,Auckland,Auckland,0.55710138,0.55710138,4547.92846342,
147500,Māngere Mountain View,Mangere Mountain View,2,Auckland Region,Auckland Region,76,Auckland,Auckland,1.69737828,1.69737828,6675.67289626,
147600,Surfdale,Surfdale,2,Auckland Region,Auckland Region,76,Auckland,Auckland,2.61294302,2.61294302,14417.4469563,
147900,Auckland Airport,Auckland Airport,2,Auckland Region,Auckland Region,76,Auckland,Auckland,23.05003706,23.05003706,46766.4333181,
148000,Eastern Beach,Eastern Beach,2,Auckland Region,Auckland Region,76,Auckland,Auckland,1.18089047,1.18089047,5178.32055241,
148700,Ostend,Ostend,2,Auckland Region,Auckland Region,76,Auckland,Auckland,3.91356497,3.91356497,15750.4285232,
148800,Half Moon Bay North East,Half Moon Bay North East,2,Auckland Region,Auckland Region,76,Auckland,Auckland,0.64603015,0.64603015,3263.54912617,
149000,Pakuranga West,Pakuranga West,2,Auckland Region,Auckland Region,76,Auckland,Auckland,1.39296184,1.39296184,10603.5839808,
149900,Āwhitu,Awhitu,2,Auckland Region,Auckland Region,76,Auckland,Auckland,221.5602815,221.5602815,141987.761791,
150400,Howick West,Howick West,2,Auckland Region,Auckland Region,76,Auckland,Auckland,1.19288396,1.19288396,5524.05708285,
150600,Mellons Bay,Mellons Bay,2,Auckland Region,Auckland Region,76,Auckland,Auckland,1.6759733,1.6759733,7060.5820911,
157200,Rongomai East,Rongomai East,2,Auckland Region,Auckland Region,76,Auckland,Auckland,0.58119554,0.58119554,3344.88883531,
150800,Sutton Park,Sutton Park,2,Auckland Region,Auckland Region,76,Auckland,Auckland,0.73066323,0.73066323,4244.08920631,
151000,Māngere South,Mangere South,2,Auckland Region,Auckland Region,76,Auckland,Auckland,0.83316281,0.83316281,5184.61004296,
151600,Māngere Mascot,Mangere Mascot,2,Auckland Region,Auckland Region,76,Auckland,Auckland,0.78456969,0.78456969,4053.51312763,
152300,East Tamaki,East Tamaki,2,Auckland Region,Auckland Region,76,Auckland,Auckland,7.77507972,7.77507972,24836.2912331,
152600,Massey Road South,Massey Road South,2,Auckland Region,Auckland Region,76,Auckland,Auckland,0.32471635,0.32471635,2392.28236753,
152800,Māngere South East,Mangere South East,2,Auckland Region,Auckland Region,76,Auckland,Auckland,4.32708337,4.32708337,19242.2004659,
165200,Hunua,Hunua,2,Auckland Region,Auckland Region,76,Auckland,Auckland,77.83519711,77.83519711,51605.8200552,
152900,Botany Downs East,Botany Downs East,2,Auckland Region,Auckland Region,76,Auckland,Auckland,0.6773518,0.6773518,3456.87213045,
153200,Aorere North,Aorere North,2,Auckland Region,Auckland Region,76,Auckland,Auckland,0.33000405,0.33000405,3272.32467778,
154100,Dingwall,Dingwall,2,Auckland Region,Auckland Region,76,Auckland,Auckland,0.82690084,0.82690084,6197.47788402,
155500,Manukau Central,Manukau Central,2,Auckland Region,Auckland Region,76,Auckland,Auckland,11.40700426,11.40700426,39827.4238373,
155800,Ferguson,Ferguson,2,Auckland Region,Auckland Region,76,Auckland,Auckland,0.98687785,0.98687785,4493.91920615,
156400,Te Puru,Te Puru,2,Auckland Region,Auckland Region,76,Auckland,Auckland,7.29452609,7.39502127,19751.1347341,
156700,Puhinui South,Puhinui South,2,Auckland Region,Auckland Region,76,Auckland,Auckland,0.5261099,0.5261099,3755.03212076,
157000,Puhinui East,Puhinui East,2,Auckland Region,Auckland Region,76,Auckland,Auckland,0.60410137,0.60410137,4096.6434316,
157100,Turanga,Turanga,2,Auckland Region,Auckland Region,76,Auckland,Auckland,84.95987483,84.95987483,84627.6650642,
157300,Ormiston North,Ormiston North,2,Auckland Region,Auckland Region,76,Auckland,Auckland,2.30150962,2.30150962,7390.9265247,
158800,Burbank,Burbank,2,Auckland Region,Auckland Region,76,Auckland,Auckland,0.64850809,0.64850809,3288.80183108,
159000,Totara Heights,Totara Heights,2,Auckland Region,Auckland Region,76,Auckland,Auckland,0.85443088,0.85443088,3964.82021613,
159800,Karaka Creek,Karaka Creek,2,Auckland Region,Auckland Region,76,Auckland,Auckland,34.77918829,34.77918829,57634.6437847,
160200,Weymouth North,Weymouth North,2,Auckland Region,Auckland Region,76,Auckland,Auckland,1.01885094,1.01885094,4669.86298836,
160600,Leabank,Leabank,2,Auckland Region,Auckland Region,76,Auckland,Auckland,1.48971376,1.48971376,5838.49571776,
165700,Rosa Birch Park,Rosa Birch Park,2,Auckland Region,Auckland Region,76,Auckland,Auckland,0.79170524,0.79170524,3691.54601023,
161000,Randwick Park East,Randwick Park East,2,Auckland Region,Auckland Region,76,Auckland,Auckland,0.74726124,0.74726124,4878.41234341,
161400,Kingseat-Karaka,Kingseat-Karaka,2,Auckland Region,Auckland Region,76,Auckland,Auckland,86.68334806,86.68334806,80943.5615957,
162300,Ardmore,Ardmore,2,Auckland Region,Auckland Region,76,Auckland,Auckland,44.27070888,44.27070888,46405.6811254,
162400,Glenbrook,Glenbrook,2,Auckland Region,Auckland Region,76,Auckland,Auckland,53.15872794,53.15872794,68749.5101005,
162500,Hingaia,Hingaia,2,Auckland Region,Auckland Region,76,Auckland,Auckland,3.61352504,3.61352504,15788.7104393,
162600,Takanini South East,Takanini South East,2,Auckland Region,Auckland Region,76,Auckland,Auckland,1.46771222,1.46771222,5756.39033068,
162700,Kawakawa Bay-Orere,Kawakawa Bay-Orere,2,Auckland Region,Auckland Region,76,Auckland,Auckland,208.76523512,208.76523512,112968.186754,
163400,Karaka Lakes,Karaka Lakes,2,Auckland Region,Auckland Region,76,Auckland,Auckland,3.32848865,3.32848865,13540.6945829,
163600,Papakura Massey Park,Papakura Massey Park,2,Auckland Region,Auckland Region,76,Auckland,Auckland,0.89410396,0.89410396,4551.60802472,
163700,Rosehill,Rosehill,2,Auckland Region,Auckland Region,76,Auckland,Auckland,1.54510998,1.54510998,6855.45746621,
163801,Patumāhoe,Patumahoe,2,Auckland Region,Auckland Region,76,Auckland,Auckland,1.81785232,1.81785232,7773.82751131,
164800,Waiuku East,Waiuku East,2,Auckland Region,Auckland Region,76,Auckland,Auckland,0.83260926,0.83260926,4474.114647,
166200,Buckland,Buckland,2,Auckland Region,Auckland Region,76,Auckland,Auckland,8.62445483,8.62445483,22244.5452608,
133800,Hobson Ridge South,Hobson Ridge South,2,Auckland Region,Auckland Region,76,Auckland,Auckland,0.13681081,0.13681081,2035.06026391,
125800,Hillcrest West (Auckland),Hillcrest West (Auckland),2,Auckland Region,Auckland Region,76,Auckland,Auckland,0.88429917,0.88429917,4453.03563246,
121900,Totara Vale South,Totara Vale South,2,Auckland Region,Auckland Region,76,Auckland,Auckland,0.89719552,0.89719552,5397.32801889,
119900,Unsworth Heights West,Unsworth Heights West,2,Auckland Region,Auckland Region,76,Auckland,Auckland,0.74922411,0.74922411,4937.7691503,
110900,Dome Valley-Matakana,Dome Valley-Matakana,2,Auckland Region,Auckland Region,76,Auckland,Auckland,84.76079786,84.76079786,70048.8173179,
111000,Oceanic Auckland Region West,Oceanic Auckland Region West,2,Auckland Region,Auckland Region,76,Auckland,Auckland,0.0,2384.03456864,279398.279739,
111100,Warkworth West,Warkworth West,2,Auckland Region,Auckland Region,76,Auckland,Auckland,11.36229921,11.36229921,22623.2878473,
111200,Puhoi Valley,Puhoi Valley,2,Auckland Region,Auckland Region,76,Auckland,Auckland,236.54224665,236.54224665,142255.62908,
120600,Massey Central,Massey Central,2,Auckland Region,Auckland Region,76,Auckland,Auckland,0.88378441,0.88378441,5213.99146351,
126100,Summerland North,Summerland North,2,Auckland Region,Auckland Region,76,Auckland,Auckland,0.8509171,0.8509171,4669.18861036,
158000,Donegal Park,Donegal Park,2,Auckland Region,Auckland Region,76,Auckland,Auckland,0.90769671,0.90769671,3789.48111175,
121000,Bayview East,Bayview East,2,Auckland Region,Auckland Region,76,Auckland,Auckland,1.3746322,1.3746322,6067.69462592,
121100,Swanson Rural,Swanson Rural,2,Auckland Region,Auckland Region,76,Auckland,Auckland,15.14615685,15.14615685,22552.4683944,
121200,Sunnynook South,Sunnynook South,2,Auckland Region,Auckland Region,76,Auckland,Auckland,0.80160094,0.80160094,4179.81721693,
111300,Warkworth East,Warkworth East,2,Auckland Region,Auckland Region,76,Auckland,Auckland,4.21945959,4.21945959,10996.8163726,
111400,Sandspit,Sandspit,2,Auckland Region,Auckland Region,76,Auckland,Auckland,22.45489321,22.45489321,36387.2213196,
111500,Tawharanui Peninsula,Tawharanui Peninsula,2,Auckland Region,Auckland Region,76,Auckland,Auckland,46.70381325,46.70381325,77981.423796,
111600,Te Kuru,Te Kuru,2,Auckland Region,Auckland Region,76,Auckland,Auckland,80.93515787,80.93515787,73000.8240411,
111700,Snells Beach,Snells Beach,2,Auckland Region,Auckland Region,76,Auckland,Auckland,3.82784102,3.82784102,13976.6098793,
111800,Barrier Islands,Barrier Islands,2,Auckland Region,Auckland Region,76,Auckland,Auckland,320.26886347,320.26886347,371155.45122,
110500,Wellsford,Wellsford,2,Auckland Region,Auckland Region,76,Auckland,Auckland,4.55290152,4.55290152,11565.1050966,
110600,Oceanic Auckland Region East,Oceanic Auckland Region East,2,Auckland Region,Auckland Region,76,Auckland,Auckland,0.0,7823.24100897,1171688.84639,
110700,South Head,South Head,2,Auckland Region,Auckland Region,76,Auckland,Auckland,339.71291725,339.71291725,208091.488518,
110800,Kaipara Hills,Kaipara Hills,2,Auckland Region,Auckland Region,76,Auckland,Auckland,282.56878466,282.56878466,126644.252408,
112500,Waitoki,Waitoki,2,Auckland Region,Auckland Region,76,Auckland,Auckland,40.75310723,40.75310723,32607.2158209,
112700,Orewa North,Orewa North,2,Auckland Region,Auckland Region,76,Auckland,Auckland,3.0308911,3.0308911,6885.50775829,
134800,Auckland-University,Auckland-University,2,Auckland Region,Auckland Region,76,Auckland,Auckland,0.34902818,0.34902818,2559.63030748,
112900,Orewa South,Orewa South,2,Auckland Region,Auckland Region,76,Auckland,Auckland,2.31158437,2.31158437,11654.975862,
113100,Millwater North,Millwater North,2,Auckland Region,Auckland Region,76,Auckland,Auckland,1.75242872,1.75242872,7907.67453404,
115100,Stanmore Bay East,Stanmore Bay East,2,Auckland Region,Auckland Region,76,Auckland,Auckland,1.33781838,1.33781838,4882.59035547,
113300,Millwater South,Millwater South,2,Auckland Region,Auckland Region,76,Auckland,Auckland,2.41961463,2.41961463,9550.7123061,
113400,Dairy Flat North,Dairy Flat North,2,Auckland Region,Auckland Region,76,Auckland,Auckland,22.95724407,22.95724407,29606.6540692,
113500,Dairy Flat West,Dairy Flat West,2,Auckland Region,Auckland Region,76,Auckland,Auckland,30.98194602,30.98194602,30847.6992408,
113600,Kingsway,Kingsway,2,Auckland Region,Auckland Region,76,Auckland,Auckland,0.9031104,0.9031104,5632.98470752,
113800,Silverdale Central (Auckland),Silverdale Central (Auckland),2,Auckland Region,Auckland Region,76,Auckland,Auckland,3.36044741,3.36044741,12572.2700389,
121300,Sunnynook North,Sunnynook North,2,Auckland Region,Auckland Region,76,Auckland,Auckland,0.74446499,0.74446499,3924.54641301,
113900,Red Beach West,Red Beach West,2,Auckland Region,Auckland Region,76,Auckland,Auckland,1.83998365,1.83998365,9352.85759933,
115700,Gulf Harbour North,Gulf Harbour North,2,Auckland Region,Auckland Region,76,Auckland,Auckland,1.75709588,1.75709588,6842.19761652,
114000,Red Beach East,Red Beach East,2,Auckland Region,Auckland Region,76,Auckland,Auckland,1.56557272,1.56557272,6857.69459838,
114100,Silverdale South (Auckland),Silverdale South (Auckland),2,Auckland Region,Auckland Region,76,Auckland,Auckland,10.18973217,10.18973217,33307.2899879,
114200,Waimauku,Waimauku,2,Auckland Region,Auckland Region,76,Auckland,Auckland,5.63250721,5.63250721,16826.0926466,
114500,Muriwai,Muriwai,2,Auckland Region,Auckland Region,76,Auckland,Auckland,3.01508522,3.01508522,11909.5460183,
114600,Stanmore Bay West,Stanmore Bay West,2,Auckland Region,Auckland Region,76,Auckland,Auckland,0.98684481,0.98684481,4684.72503564,
134900,New Lynn Seabrook,New Lynn Seabrook,2,Auckland Region,Auckland Region,76,Auckland,Auckland,0.72239779,0.72239779,3577.89617821,
114900,Whangaparāoa Central,Whangaparaoa Central,2,Auckland Region,Auckland Region,76,Auckland,Auckland,3.69157781,3.69157781,9263.24693349,
116500,Long Bay,Long Bay,2,Auckland Region,Auckland Region,76,Auckland,Auckland,2.78797983,2.78797983,10833.9351747,
115000,Kumeu-Huapai,Kumeu-Huapai,2,Auckland Region,Auckland Region,76,Auckland,Auckland,6.32229402,6.32229402,16724.1261208,
126200,Hillcrest East (Auckland),Hillcrest East (Auckland),2,Auckland Region,Auckland Region,76,Auckland,Auckland,1.06377778,1.06377778,4282.50924613,
115200,Manly West,Manly West,2,Auckland Region,Auckland Region,76,Auckland,Auckland,1.0323979,1.0323979,6337.03074496,
116700,Albany Heights,Albany Heights,2,Auckland Region,Auckland Region,76,Auckland,Auckland,3.10708378,3.10708378,10345.8804739,
135800,St Lukes,St Lukes,2,Auckland Region,Auckland Region,76,Auckland,Auckland,0.46163654,0.46163654,4242.36284151,
115400,Tindalls-Matakatia,Tindalls-Matakatia,2,Auckland Region,Auckland Region,76,Auckland,Auckland,2.93347568,2.93347568,10452.5269404,
116900,Fairview Heights,Fairview Heights,2,Auckland Region,Auckland Region,76,Auckland,Auckland,1.60417494,1.60417494,5385.40121903,
115800,Manly East,Manly East,2,Auckland Region,Auckland Region,76,Auckland,Auckland,1.57463151,1.57463151,6400.18691907,
117500,Glamorgan,Glamorgan,2,Auckland Region,Auckland Region,76,Auckland,Auckland,0.95918877,0.95918877,4929.3054398,
135900,Symonds Street East,Symonds Street East,2,Auckland Region,Auckland Region,76,Auckland,Auckland,0.10348319,0.10348319,1576.713609,
115900,Riverhead,Riverhead,2,Auckland Region,Auckland Region,76,Auckland,Auckland,4.04962106,4.04962106,12654.6200049,
117600,Oteha East,Oteha East,2,Auckland Region,Auckland Region,76,Auckland,Auckland,0.76502793,0.76502793,4514.35007823,
116200,Gulf Harbour South,Gulf Harbour South,2,Auckland Region,Auckland Region,76,Auckland,Auckland,2.42885436,2.67530897,9605.32527882,
117700,Northcross,Northcross,2,Auckland Region,Auckland Region,76,Auckland,Auckland,1.07077729,1.07077729,5329.63963802,
117200,Torbay,Torbay,2,Auckland Region,Auckland Region,76,Auckland,Auckland,1.43320771,1.43320771,7492.03881576,
117800,Oteha West,Oteha West,2,Auckland Region,Auckland Region,76,Auckland,Auckland,0.53026573,0.53026573,3505.30543031,
131800,Freemans Bay,Freemans Bay,2,Auckland Region,Auckland Region,76,Auckland,Auckland,1.03533635,1.03533635,4939.44186837,
117400,Albany West,Albany West,2,Auckland Region,Auckland Region,76,Auckland,Auckland,2.05688601,2.05688601,10002.1205754,
118000,Waitakere,Waitakere,2,Auckland Region,Auckland Region,76,Auckland,Auckland,15.28945995,15.28945995,23634.5851696,
119600,Westgate South,Westgate South,2,Auckland Region,Auckland Region,76,Auckland,Auckland,1.70943526,1.70943526,6899.51261258,
119700,Windsor Park,Windsor Park,2,Auckland Region,Auckland Region,76,Auckland,Auckland,0.83585293,0.83585293,4403.73572463,
118100,Albany South,Albany South,2,Auckland Region,Auckland Region,76,Auckland,Auckland,1.4855869,1.4855869,7473.03387141,
118200,Browns Bay South West,Browns Bay South West,2,Auckland Region,Auckland Region,76,Auckland,Auckland,1.15126945,1.15126945,5077.51194114,
118300,Browns Bay Central,Browns Bay Central,2,Auckland Region,Auckland Region,76,Auckland,Auckland,1.18290053,1.18290053,5815.73100784,
118400,Schnapper Rock,Schnapper Rock,2,Auckland Region,Auckland Region,76,Auckland,Auckland,2.21502845,2.21502845,8266.87099696,
118500,Pinehill,Pinehill,2,Auckland Region,Auckland Region,76,Auckland,Auckland,1.62867842,1.62867842,5349.4745592,
118600,North Harbour,North Harbour,2,Auckland Region,Auckland Region,76,Auckland,Auckland,5.48659458,5.48659458,13710.7978764,
118800,Westgate Central,Westgate Central,2,Auckland Region,Auckland Region,76,Auckland,Auckland,1.86366222,1.86366222,6191.68104962,
119000,Rothesay Bay,Rothesay Bay,2,Auckland Region,Auckland Region,76,Auckland,Auckland,0.86492687,0.86492687,5275.12476854,
119100,Greenhithe East,Greenhithe East,2,Auckland Region,Auckland Region,76,Auckland,Auckland,1.4381762,1.4381762,7895.98410045,
119800,West Harbour West,West Harbour West,2,Auckland Region,Auckland Region,76,Auckland,Auckland,1.92726584,1.92726584,6740.49554132,
132600,New Lynn North West,New Lynn North West,2,Auckland Region,Auckland Region,76,Auckland,Auckland,0.68956638,0.68956638,3482.44988296,
119400,Greenhithe South,Greenhithe South,2,Auckland Region,Auckland Region,76,Auckland,Auckland,3.64449888,3.64449888,13105.3791028,
119500,Murrays Bay West,Murrays Bay West,2,Auckland Region,Auckland Region,76,Auckland,Auckland,0.95731874,0.95731874,4553.36541182,
132700,Hobson Ridge North,Hobson Ridge North,2,Auckland Region,Auckland Region,76,Auckland,Auckland,0.1492268,0.1492268,2058.54725125,
120000,Murrays Bay East,Murrays Bay East,2,Auckland Region,Auckland Region,76,Auckland,Auckland,0.69795032,0.69795032,4374.48414695,
120100,Birdwood West,Birdwood West,2,Auckland Region,Auckland Region,76,Auckland,Auckland,5.9362787,5.9362787,13929.3046731,
145200,Oranga,Oranga,2,Auckland Region,Auckland Region,76,Auckland,Auckland,0.66853336,0.66853336,3769.27607972,
120300,West Harbour Clearwater Cove,West Harbour Clearwater Cove,2,Auckland Region,Auckland Region,76,Auckland,Auckland,1.35724979,1.67722533,8784.28524585,
120400,Unsworth Heights East,Unsworth Heights East,2,Auckland Region,Auckland Region,76,Auckland,Auckland,1.10831885,1.10831885,4975.53863624,
120500,Mairangi Bay North,Mairangi Bay North,2,Auckland Region,Auckland Region,76,Auckland,Auckland,0.92452501,0.92452501,4958.49649878,
120700,West Harbour Luckens Point,West Harbour Luckens Point,2,Auckland Region,Auckland Region,76,Auckland,Auckland,0.9837843,0.9837843,5476.5804878,
120800,Mairangi Bay South,Mairangi Bay South,2,Auckland Region,Auckland Region,76,Auckland,Auckland,0.80148607,0.80148607,4814.65512981,
120900,Massey Royal Road West,Massey Royal Road West,2,Auckland Region,Auckland Region,76,Auckland,Auckland,0.89641574,0.89641574,4351.70455466,
138400,Mount Eden West,Mount Eden West,2,Auckland Region,Auckland Region,76,Auckland,Auckland,0.79137389,0.79137389,4823.63186199,
121400,Bayview West,Bayview West,2,Auckland Region,Auckland Region,76,Auckland,Auckland,0.73396895,0.73396895,3779.41110613,
121600,Royal Heights North,Royal Heights North,2,Auckland Region,Auckland Region,76,Auckland,Auckland,1.49490896,1.49490896,6735.07418271,
139300,Maungawhau,Maungawhau,2,Auckland Region,Auckland Region,76,Auckland,Auckland,0.73452195,0.73452195,3939.12827222,
121700,Massey West,Massey West,2,Auckland Region,Auckland Region,76,Auckland,Auckland,1.18546354,1.18546354,7602.11714476,
121800,Beach Haven West,Beach Haven West,2,Auckland Region,Auckland Region,76,Auckland,Auckland,1.20746814,1.20746814,6341.16608655,
122000,Swanson,Swanson,2,Auckland Region,Auckland Region,76,Auckland,Auckland,1.89457674,1.89457674,10271.9164447,
158100,Ormiston South,Ormiston South,2,Auckland Region,Auckland Region,76,Auckland,Auckland,1.70395036,1.70395036,5866.05442035,
125700,Henderson Lincoln South,Henderson Lincoln South,2,Auckland Region,Auckland Region,76,Auckland,Auckland,1.35507618,1.35507618,6855.51654342,
122100,Bayview South,Bayview South,2,Auckland Region,Auckland Region,76,Auckland,Auckland,0.93362104,0.93362104,6040.26112137,
122200,Campbells Bay,Campbells Bay,2,Auckland Region,Auckland Region,76,Auckland,Auckland,1.74298659,1.74298659,5829.51638907,
154600,Botany Central,Botany Central,2,Auckland Region,Auckland Region,76,Auckland,Auckland,0.46967108,0.46967108,3580.53040963,
122300,Royal Heights South,Royal Heights South,2,Auckland Region,Auckland Region,76,Auckland,Auckland,1.13131544,1.13131544,5549.8751674,
122400,Beach Haven East,Beach Haven East,2,Auckland Region,Auckland Region,76,Auckland,Auckland,1.12103327,1.12103327,6664.3579708,
148600,Favona West,Favona West,2,Auckland Region,Auckland Region,76,Auckland,Auckland,0.85935424,0.85935424,4105.88619947,
122500,Massey East,Massey East,2,Auckland Region,Auckland Region,76,Auckland,Auckland,1.14447088,1.14447088,5572.49986423,
122700,Glenfield North,Glenfield North,2,Auckland Region,Auckland Region,76,Auckland,Auckland,0.80628847,0.80628847,4471.68289603,
123100,Glenfield West,Glenfield West,2,Auckland Region,Auckland Region,76,Auckland,Auckland,0.97044941,0.97044941,4601.86301965,
141500,Epsom East,Epsom East,2,Auckland Region,Auckland Region,76,Auckland,Auckland,1.26821009,1.26821009,5956.94348496,
122800,Birkdale North,Birkdale North,2,Auckland Region,Auckland Region,76,Auckland,Auckland,1.38581833,1.38581833,6330.0258524,
122900,Massey South,Massey South,2,Auckland Region,Auckland Region,76,Auckland,Auckland,1.38681668,1.38681668,7292.86725902,
123200,Te Atatū Peninsula North West,Te Atatu Peninsula North West,2,Auckland Region,Auckland Region,76,Auckland,Auckland,1.11265303,1.11265303,6836.52199129,
123300,Glenfield South West,Glenfield South West,2,Auckland Region,Auckland Region,76,Auckland,Auckland,1.19076258,1.19076258,5365.21273014,
123500,Wairau Valley,Wairau Valley,2,Auckland Region,Auckland Region,76,Auckland,Auckland,2.56363428,2.56363428,11512.2951306,
123800,Rānui Domain,Ranui Domain,2,Auckland Region,Auckland Region,76,Auckland,Auckland,0.87018247,0.87018247,4713.47012485,
124200,Rānui South West,Ranui South West,2,Auckland Region,Auckland Region,76,Auckland,Auckland,0.73694038,0.73694038,3667.49727216,
124300,Henderson Larnoch,Henderson Larnoch,2,Auckland Region,Auckland Region,76,Auckland,Auckland,0.96975579,0.96975579,5035.59687567,
148900,Māngere West,Mangere West,2,Auckland Region,Auckland Region,76,Auckland,Auckland,0.94260917,0.94260917,4281.83841024,
123900,Beach Haven South,Beach Haven South,2,Auckland Region,Auckland Region,76,Auckland,Auckland,1.34269139,1.34269139,7335.94357375,
124000,Glenfield Central,Glenfield Central,2,Auckland Region,Auckland Region,76,Auckland,Auckland,1.12775531,1.12775531,4699.45267645,
124100,Piha,Piha,2,Auckland Region,Auckland Region,76,Auckland,Auckland,5.23828424,5.23828424,18497.0810497,
124400,Birkdale South,Birkdale South,2,Auckland Region,Auckland Region,76,Auckland,Auckland,1.40665808,1.40665808,6547.39154953,
124500,Te Atatū Peninsula Central,Te Atatu Peninsula Central,2,Auckland Region,Auckland Region,76,Auckland,Auckland,1.11341773,1.11341773,5673.22044664,
125400,Milford West,Milford West,2,Auckland Region,Auckland Region,76,Auckland,Auckland,0.83343871,0.83343871,4376.05512131,
124800,Te Atatū Peninsula West,Te Atatu Peninsula West,2,Auckland Region,Auckland Region,76,Auckland,Auckland,1.42602406,1.42602406,8233.65114703,
124900,Henderson Lincoln West,Henderson Lincoln West,2,Auckland Region,Auckland Region,76,Auckland,Auckland,0.89798168,0.89798168,6787.96830993,
125100,Henderson Lincoln East,Henderson Lincoln East,2,Auckland Region,Auckland Region,76,Auckland,Auckland,1.94409039,1.94409039,9302.25585276,
125500,Westlake,Westlake,2,Auckland Region,Auckland Region,76,Auckland,Auckland,0.68702599,0.68702599,3775.96532666,
125300,Te Atatū Peninsula East,Te Atatu Peninsula East,2,Auckland Region,Auckland Region,76,Auckland,Auckland,1.80792875,1.80792875,9444.03739518,
125600,Hillcrest North (Auckland),Hillcrest North (Auckland),2,Auckland Region,Auckland Region,76,Auckland,Auckland,0.98053287,0.98053287,5838.43475838,
125900,Milford Central,Milford Central,2,Auckland Region,Auckland Region,76,Auckland,Auckland,0.74347675,0.74347675,4399.30224345,
126000,Summerland South,Summerland South,2,Auckland Region,Auckland Region,76,Auckland,Auckland,1.33401074,1.33401074,5568.64785843,
127300,Northcote South (Auckland),Northcote South (Auckland),2,Auckland Region,Auckland Region,76,Auckland,Auckland,1.13967673,1.13967673,5616.56984232,
138100,Balmoral,Balmoral,2,Auckland Region,Auckland Region,76,Auckland,Auckland,0.78483287,0.78483287,4652.71566028,
126300,Chatswood,Chatswood,2,Auckland Region,Auckland Region,76,Auckland,Auckland,3.06686812,3.06686812,9338.24335658,
126500,Birkenhead North,Birkenhead North,2,Auckland Region,Auckland Region,76,Auckland,Auckland,1.01182525,1.01182525,5868.31557086,
126600,Takapuna West,Takapuna West,2,Auckland Region,Auckland Region,76,Auckland,Auckland,2.34633805,2.34633805,11458.4619864,
126700,Henderson North,Henderson North,2,Auckland Region,Auckland Region,76,Auckland,Auckland,1.39351577,1.39351577,6948.28530406,
126800,Takapuna Central,Takapuna Central,2,Auckland Region,Auckland Region,76,Auckland,Auckland,0.98523521,2.05204865,7927.86364396,
127900,Henderson North East,Henderson North East,2,Auckland Region,Auckland Region,76,Auckland,Auckland,0.80085975,0.80085975,5218.37345534,
126900,Western Heights (Auckland),Western Heights (Auckland),2,Auckland Region,Auckland Region,76,Auckland,Auckland,1.35839668,1.35839668,6825.76609685,
127000,Te Atatū South-Central,Te Atatu South-Central,2,Auckland Region,Auckland Region,76,Auckland,Auckland,1.36402389,1.36402389,6828.85112558,
127100,Northcote Central (Auckland),Northcote Central (Auckland),2,Auckland Region,Auckland Region,76,Auckland,Auckland,0.68696906,0.68696906,3534.37812553,
127400,Birkenhead South,Birkenhead South,2,Auckland Region,Auckland Region,76,Auckland,Auckland,1.36168696,1.36168696,6117.84729888,
129100,Sunnyvale East,Sunnyvale East,2,Auckland Region,Auckland Region,76,Auckland,Auckland,2.66156851,2.66156851,7141.14324123,
127500,Henderson Central,Henderson Central,2,Auckland Region,Auckland Region,76,Auckland,Auckland,2.01588236,2.01588236,10087.9847198,
128500,Te Atatū South-McLeod South,Te Atatu South-McLeod South,2,Auckland Region,Auckland Region,76,Auckland,Auckland,1.10504213,1.10504213,5694.87814283,
127700,Te Atatū South-McLeod North,Te Atatu South-McLeod North,2,Auckland Region,Auckland Region,76,Auckland,Auckland,1.00789044,1.00789044,8028.53880588,
127800,Henderson Valley Park,Henderson Valley Park,2,Auckland Region,Auckland Region,76,Auckland,Auckland,0.74979705,0.74979705,4698.25607584,
128100,Northcote Tuff Crater,Northcote Tuff Crater,2,Auckland Region,Auckland Region,76,Auckland,Auckland,1.1140613,1.21471928,6154.83091797,
128600,Takapuna South,Takapuna South,2,Auckland Region,Auckland Region,76,Auckland,Auckland,0.50762057,0.50762057,4154.59889521,
154700,Botany North,Botany North,2,Auckland Region,Auckland Region,76,Auckland,Auckland,0.92492593,0.92492593,4042.78988208,
128200,Northcote Point (Auckland),Northcote Point (Auckland),2,Auckland Region,Auckland Region,76,Auckland,Auckland,1.17336633,1.17336633,6544.35471565,
128300,McLaren Park,McLaren Park,2,Auckland Region,Auckland Region,76,Auckland,Auckland,1.08838375,1.08838375,4957.56215423,
128400,Henderson East,Henderson East,2,Auckland Region,Auckland Region,76,Auckland,Auckland,0.79307691,0.79307691,3711.74152663,
128800,Hauraki,Hauraki,2,Auckland Region,Auckland Region,76,Auckland,Auckland,1.09437534,1.09437534,5109.02018855,
128900,Glendene North,Glendene North,2,Auckland Region,Auckland Region,76,Auckland,Auckland,1.40683767,1.40683767,6523.44388888,
143200,Meadowbank East,Meadowbank East,2,Auckland Region,Auckland Region,76,Auckland,Auckland,0.65235266,0.65235266,4155.24935015,
129400,Bayswater,Bayswater,2,Auckland Region,Auckland Region,76,Auckland,Auckland,1.09696605,1.2049212,7881.16749147,
133600,Morningside (Auckland),Morningside (Auckland),2,Auckland Region,Auckland Region,76,Auckland,Auckland,1.09391528,1.09391528,5024.27485607,
133700,Shortland Street,Shortland Street,2,Auckland Region,Auckland Region,76,Auckland,Auckland,0.12745541,0.12745541,2082.02208125,
129200,Point Chevalier West,Point Chevalier West,2,Auckland Region,Auckland Region,76,Auckland,Auckland,1.37225008,1.37225008,8923.74967885,
132800,Grey Lynn Central,Grey Lynn Central,2,Auckland Region,Auckland Region,76,Auckland,Auckland,0.71192659,0.71192659,4908.00550593,
129500,Glendene South,Glendene South,2,Auckland Region,Auckland Region,76,Auckland,Auckland,1.09874684,1.09874684,6508.03441887,
129600,Glen Eden West,Glen Eden West,2,Auckland Region,Auckland Region,76,Auckland,Auckland,1.15463444,1.15463444,5879.48017693,
132900,Fruitvale,Fruitvale,2,Auckland Region,Auckland Region,76,Auckland,Auckland,0.85211716,0.85211716,4834.34525331,
129700,Herne Bay,Herne Bay,2,Auckland Region,Auckland Region,76,Auckland,Auckland,0.87760038,0.87760038,5051.88200301,
129800,Westmere North,Westmere North,2,Auckland Region,Auckland Region,76,Auckland,Auckland,0.64508194,0.64508194,4034.74206063,
129900,Point Chevalier East,Point Chevalier East,2,Auckland Region,Auckland Region,76,Auckland,Auckland,1.38057164,1.38057164,8040.61555205,
130100,Glen Eden Rosier,Glen Eden Rosier,2,Auckland Region,Auckland Region,76,Auckland,Auckland,1.24429954,1.24429954,6840.37188525,
130200,Saint Marys Bay,Saint Marys Bay,2,Auckland Region,Auckland Region,76,Auckland,Auckland,0.83434092,1.50584541,5190.19797702,
130300,Westmere South-Western Springs,Westmere South-Western Springs,2,Auckland Region,Auckland Region,76,Auckland,Auckland,2.02395168,2.02395168,9873.49377931,
130400,Ponsonby West,Ponsonby West,2,Auckland Region,Auckland Region,76,Auckland,Auckland,0.64759437,0.64759437,4129.23982525,
130500,Kelston North,Kelston North,2,Auckland Region,Auckland Region,76,Auckland,Auckland,0.96688836,0.96688836,4616.06780233,
130600,Avondale Rosebank,Avondale Rosebank,2,Auckland Region,Auckland Region,76,Auckland,Auckland,1.02745253,1.02745253,6312.09218402,
130700,Narrow Neck,Narrow Neck,2,Auckland Region,Auckland Region,76,Auckland,Auckland,1.82256022,1.82256022,8060.33778102,
131700,Avondale West (Auckland),Avondale West (Auckland),2,Auckland Region,Auckland Region,76,Auckland,Auckland,0.73970263,0.73970263,4559.99199021,
131100,Waterview,Waterview,2,Auckland Region,Auckland Region,76,Auckland,Auckland,1.11624622,1.11624622,5366.48813918,
131200,Ponsonby East,Ponsonby East,2,Auckland Region,Auckland Region,76,Auckland,Auckland,0.70309331,0.70309331,3718.03763218,
131300,Wynyard-Viaduct,Wynyard-Viaduct,2,Auckland Region,Auckland Region,76,Auckland,Auckland,0.6002758,0.71695368,4400.06150092,
131400,Stanley Point,Stanley Point,2,Auckland Region,Auckland Region,76,Auckland,Auckland,0.99163422,0.99163422,7918.97973512,
131500,Glen Eden Central,Glen Eden Central,2,Auckland Region,Auckland Region,76,Auckland,Auckland,1.24759589,1.24759589,6730.81862043,
141300,Mount Roskill South,Mount Roskill South,2,Auckland Region,Auckland Region,76,Auckland,Auckland,1.12965997,1.12965997,4688.56726842,
131900,Mount Albert West,Mount Albert West,2,Auckland Region,Auckland Region,76,Auckland,Auckland,1.39091608,1.39091608,6806.54448953,
133000,Devonport,Devonport,2,Auckland Region,Auckland Region,76,Auckland,Auckland,1.07903067,1.07903067,5451.7140863,
132000,Avondale North (Auckland),Avondale North (Auckland),2,Auckland Region,Auckland Region,76,Auckland,Auckland,1.23589448,1.23589448,6892.55021106,
132100,Grey Lynn West,Grey Lynn West,2,Auckland Region,Auckland Region,76,Auckland,Auckland,0.80088144,0.80088144,4948.5144647,
132200,Mount Albert North,Mount Albert North,2,Auckland Region,Auckland Region,76,Auckland,Auckland,1.51386858,1.51386858,5256.48791233,
132300,New Lynn North,New Lynn North,2,Auckland Region,Auckland Region,76,Auckland,Auckland,0.7391846,0.7391846,6407.00182942,
132400,Victoria Park,Victoria Park,2,Auckland Region,Auckland Region,76,Auckland,Auckland,0.44797152,0.44797152,3346.54898265,
132500,Konini,Konini,2,Auckland Region,Auckland Region,76,Auckland,Auckland,1.97177131,1.97177131,7847.35819599,
133100,Avondale Central (Auckland),Avondale Central (Auckland),2,Auckland Region,Auckland Region,76,Auckland,Auckland,1.11625792,1.11625792,6547.12811944,
133200,Queen Street,Queen Street,2,Auckland Region,Auckland Region,76,Auckland,Auckland,0.1684502,0.1684502,1960.10201492,
133300,Quay Street-Customs Street,Quay Street-Customs Street,2,Auckland Region,Auckland Region,76,Auckland,Auckland,1.21713216,1.21713216,12242.9635693,
134200,Mount Albert Central,Mount Albert Central,2,Auckland Region,Auckland Region,76,Auckland,Auckland,1.31350809,1.31350809,5778.48504369,
134400,Kingsland,Kingsland,2,Auckland Region,Auckland Region,76,Auckland,Auckland,0.77206868,0.77206868,5084.64357848,
134500,Anzac Avenue,Anzac Avenue,2,Auckland Region,Auckland Region,76,Auckland,Auckland,0.10238552,0.10238552,1499.9611135,
135400,West Lynn,West Lynn,2,Auckland Region,Auckland Region,76,Auckland,Auckland,1.22431834,1.22431834,6216.26138976,
136200,Eden Park,Eden Park,2,Auckland Region,Auckland Region,76,Auckland,Auckland,0.50617663,0.50617663,4108.72096576,
133900,New Lynn Central,New Lynn Central,2,Auckland Region,Auckland Region,76,Auckland,Auckland,1.17404072,1.17404072,8771.08402723,
134000,Cheltenham,Cheltenham,2,Auckland Region,Auckland Region,76,Auckland,Auckland,0.81543777,0.81543777,4483.02211955,
134600,Waima-Woodlands Park,Waima-Woodlands Park,2,Auckland Region,Auckland Region,76,Auckland,Auckland,3.48423582,3.48423582,9961.14690929,
134700,Kaurilands,Kaurilands,2,Auckland Region,Auckland Region,76,Auckland,Auckland,1.46338291,1.46338291,6001.01387201,
135000,Avondale South (Auckland),Avondale South (Auckland),2,Auckland Region,Auckland Region,76,Auckland,Auckland,1.1769159,1.1769159,7159.66663891,
135100,Symonds Street North West,Symonds Street North West,2,Auckland Region,Auckland Region,76,Auckland,Auckland,0.08720836,0.08720836,1610.21160036,
135200,Mount Albert South,Mount Albert South,2,Auckland Region,Auckland Region,76,Auckland,Auckland,0.83111651,0.83111651,3707.03102023,
136000,Eden Terrace,Eden Terrace,2,Auckland Region,Auckland Region,76,Auckland,Auckland,0.83961599,0.83961599,4187.45122771,
135500,Ōwairaka West,Owairaka West,2,Auckland Region,Auckland Region,76,Auckland,Auckland,0.9184416,0.9184416,5560.34906666,
135600,New Lynn Central South,New Lynn Central South,2,Auckland Region,Auckland Region,76,Auckland,Auckland,0.73971502,0.73971502,4810.47075844,
135700,The Strand,The Strand,2,Auckland Region,Auckland Region,76,Auckland,Auckland,0.16928365,0.16928365,2688.04637416,
136100,Grafton,Grafton,2,Auckland Region,Auckland Region,76,Auckland,Auckland,0.64384032,0.64384032,5182.67991747,
136400,Parnell West,Parnell West,2,Auckland Region,Auckland Region,76,Auckland,Auckland,1.64924938,1.64924938,6033.96847732,
136500,New Lynn South,New Lynn South,2,Auckland Region,Auckland Region,76,Auckland,Auckland,1.43635551,1.43635551,6863.30108392,
158200,Mission Heights South,Mission Heights South,2,Auckland Region,Auckland Region,76,Auckland,Auckland,0.86989477,0.86989477,3915.87042448,
136600,New Windsor North,New Windsor North,2,Auckland Region,Auckland Region,76,Auckland,Auckland,0.86783745,0.86783745,5437.38737734,
136900,Eden Valley,Eden Valley,2,Auckland Region,Auckland Region,76,Auckland,Auckland,0.58402617,0.58402617,4862.54494656,
137000,Sandringham Central,Sandringham Central,2,Auckland Region,Auckland Region,76,Auckland,Auckland,0.4728525,0.4728525,3852.63634464,
137100,Glenavon,Glenavon,2,Auckland Region,Auckland Region,76,Auckland,Auckland,0.63980057,0.63980057,3996.64970397,
138000,Green Bay South,Green Bay South,2,Auckland Region,Auckland Region,76,Auckland,Auckland,1.25786779,1.25786779,7611.42580758,
137200,Blockhouse Bay North,Blockhouse Bay North,2,Auckland Region,Auckland Region,76,Auckland,Auckland,0.92504124,0.92504124,4467.70413484,
137300,Green Bay North,Green Bay North,2,Auckland Region,Auckland Region,76,Auckland,Auckland,1.0354067,1.0354067,5243.14271617,
137900,Wesley West,Wesley West,2,Auckland Region,Auckland Region,76,Auckland,Auckland,0.75674846,0.75674846,4212.70356856,
139800,Mount Roskill White Swan,Mount Roskill White Swan,2,Auckland Region,Auckland Region,76,Auckland,Auckland,1.04262229,1.04262229,5256.34522279,
137400,Parnell East,Parnell East,2,Auckland Region,Auckland Region,76,Auckland,Auckland,1.22513484,1.22513484,7303.71387755,
137600,Sandringham West,Sandringham West,2,Auckland Region,Auckland Region,76,Auckland,Auckland,0.4767622,0.4767622,3525.07103105,
137700,Mount Eden North East,Mount Eden North East,2,Auckland Region,Auckland Region,76,Auckland,Auckland,0.46792954,0.46792954,2904.03805404,
137800,Mount Eden North,Mount Eden North,2,Auckland Region,Auckland Region,76,Auckland,Auckland,0.87489818,0.87489818,4663.72888662,
138200,Sandringham East,Sandringham East,2,Auckland Region,Auckland Region,76,Auckland,Auckland,0.71514844,0.71514844,4466.55439891,
138300,New Windsor South,New Windsor South,2,Auckland Region,Auckland Region,76,Auckland,Auckland,1.1171524,1.1171524,5732.26403724,
139900,Mount Eden South,Mount Eden South,2,Auckland Region,Auckland Region,76,Auckland,Auckland,0.87283197,0.87283197,4646.83525831,
138500,Newmarket,Newmarket,2,Auckland Region,Auckland Region,76,Auckland,Auckland,1.07363248,1.07363248,4936.62536588,
138600,Blockhouse Bay North East,Blockhouse Bay North East,2,Auckland Region,Auckland Region,76,Auckland,Auckland,0.52817257,0.52817257,3791.15698831,
138700,Epsom North,Epsom North,2,Auckland Region,Auckland Region,76,Auckland,Auckland,1.0772428,1.0772428,5712.72395805,
138800,Wesley South,Wesley South,2,Auckland Region,Auckland Region,76,Auckland,Auckland,0.68279842,0.68279842,5520.2052514,
140400,Mount Roskill Central North,Mount Roskill Central North,2,Auckland Region,Auckland Region,76,Auckland,Auckland,0.90101872,0.90101872,4083.04643239,
138900,Blockhouse Bay South,Blockhouse Bay South,2,Auckland Region,Auckland Region,76,Auckland,Auckland,1.67967426,1.67967426,6142.86686804,
139000,Mount Eden East,Mount Eden East,2,Auckland Region,Auckland Region,76,Auckland,Auckland,0.76410516,0.76410516,4017.77777172,
139100,Wesley East,Wesley East,2,Auckland Region,Auckland Region,76,Auckland,Auckland,0.60703951,0.60703951,3326.55603871,
139200,Orakei West,Orakei West,2,Auckland Region,Auckland Region,76,Auckland,Auckland,1.32180541,1.832206,7771.85499864,
139400,Remuera West,Remuera West,2,Auckland Region,Auckland Region,76,Auckland,Auckland,0.88061468,0.88061468,4517.07070022,
139500,Blockhouse Bay East,Blockhouse Bay East,2,Auckland Region,Auckland Region,76,Auckland,Auckland,0.7790924,0.7790924,4741.54519582,
139600,Lynfield North,Lynfield North,2,Auckland Region,Auckland Region,76,Auckland,Auckland,0.9409113,0.9409113,5537.52461702,
149700,Bucklands Beach South,Bucklands Beach South,2,Auckland Region,Auckland Region,76,Auckland,Auckland,1.12044344,1.12044344,4855.91566492,
141600,Remuera Waiata,Remuera Waiata,2,Auckland Region,Auckland Region,76,Auckland,Auckland,0.94346341,0.94346341,4449.1756631,
141700,Epsom South,Epsom South,2,Auckland Region,Auckland Region,76,Auckland,Auckland,0.59629984,0.59629984,3522.32636431,
140000,Remuera Waitaramoa,Remuera Waitaramoa,2,Auckland Region,Auckland Region,76,Auckland,Auckland,1.69054663,1.69054663,7230.25706154,
140100,Orakei East,Orakei East,2,Auckland Region,Auckland Region,76,Auckland,Auckland,1.70738968,1.70738968,7010.04569279,
140300,Mount St John,Mount St John,2,Auckland Region,Auckland Region,76,Auckland,Auckland,1.24254487,1.24254487,5301.76415494,
140500,Remuera North,Remuera North,2,Auckland Region,Auckland Region,76,Auckland,Auckland,1.36630399,1.36630399,8208.05099065,
140600,Three Kings West,Three Kings West,2,Auckland Region,Auckland Region,76,Auckland,Auckland,0.64710027,0.64710027,3899.50835777,
140700,Mount Roskill Central South,Mount Roskill Central South,2,Auckland Region,Auckland Region,76,Auckland,Auckland,1.20198838,1.20198838,4778.45869854,
140900,Lynfield South,Lynfield South,2,Auckland Region,Auckland Region,76,Auckland,Auckland,1.57558313,1.57558313,5854.9733324,
141000,Remuera South,Remuera South,2,Auckland Region,Auckland Region,76,Auckland,Auckland,1.42953722,1.42953722,5844.58352732,
141100,Mission Bay,Mission Bay,2,Auckland Region,Auckland Region,76,Auckland,Auckland,1.54316764,1.54316764,6574.56357174,
141800,Kohimarama,Kohimarama,2,Auckland Region,Auckland Region,76,Auckland,Auckland,1.51551355,1.51551355,6929.41395862,
141900,Meadowbank West,Meadowbank West,2,Auckland Region,Auckland Region,76,Auckland,Auckland,1.02448976,1.02448976,4653.1374891,
142000,Hillsborough North (Auckland),Hillsborough North (Auckland),2,Auckland Region,Auckland Region,76,Auckland,Auckland,1.28977887,1.28977887,5908.16179724,
142200,Greenlane North,Greenlane North,2,Auckland Region,Auckland Region,76,Auckland,Auckland,1.14329066,1.14329066,5215.61004801,
142300,Waikowhai North,Waikowhai North,2,Auckland Region,Auckland Region,76,Auckland,Auckland,0.69804138,0.69804138,4741.80944131,
142400,Remuera East,Remuera East,2,Auckland Region,Auckland Region,76,Auckland,Auckland,0.88581252,0.88581252,4827.59898306,
142700,Saint Heliers West,Saint Heliers West,2,Auckland Region,Auckland Region,76,Auckland,Auckland,1.18574089,1.18574089,6188.58768002,
142500,Waikowhai South,Waikowhai South,2,Auckland Region,Auckland Region,76,Auckland,Auckland,1.35691905,1.35691905,8675.33004906,
142600,Royal Oak West (Auckland),Royal Oak West (Auckland),2,Auckland Region,Auckland Region,76,Auckland,Auckland,0.81129531,0.81129531,5047.06875954,
145300,Mount Wellington North West,Mount Wellington North West,2,Auckland Region,Auckland Region,76,Auckland,Auckland,0.92465302,0.92465302,5254.56964737,
142800,One Tree Hill,One Tree Hill,2,Auckland Region,Auckland Region,76,Auckland,Auckland,2.74928278,2.74928278,9302.93451348,
143000,Saint Heliers North,Saint Heliers North,2,Auckland Region,Auckland Region,76,Auckland,Auckland,1.33837278,1.33837278,5234.58207716,
143100,Remuera Abbotts Park,Remuera Abbotts Park,2,Auckland Region,Auckland Region,76,Auckland,Auckland,1.02200965,1.02200965,5388.44682706,
143300,Ellerslie Central,Ellerslie Central,2,Auckland Region,Auckland Region,76,Auckland,Auckland,1.49455364,1.49455364,6281.4591283,
143500,Saint Heliers South,Saint Heliers South,2,Auckland Region,Auckland Region,76,Auckland,Auckland,1.22213445,1.22213445,7199.38423637,
143600,Hillsborough South (Auckland),Hillsborough South (Auckland),2,Auckland Region,Auckland Region,76,Auckland,Auckland,1.16002635,1.16002635,6069.28393247,
143700,Saint Johns West,Saint Johns West,2,Auckland Region,Auckland Region,76,Auckland,Auckland,1.042545,1.042545,8540.02668028,
143900,Remuera Waiatarua,Remuera Waiatarua,2,Auckland Region,Auckland Region,76,Auckland,Auckland,1.57029711,1.57029711,8613.4104578,
144400,Ellerslie East,Ellerslie East,2,Auckland Region,Auckland Region,76,Auckland,Auckland,0.75500047,0.75500047,5028.47370179,
144500,Saint Johns East,Saint Johns East,2,Auckland Region,Auckland Region,76,Auckland,Auckland,0.60554083,0.60554083,3641.54416621,
144700,Glen Innes West,Glen Innes West,2,Auckland Region,Auckland Region,76,Auckland,Auckland,1.3674485,1.3674485,6453.67972477,
144000,Glendowie North,Glendowie North,2,Auckland Region,Auckland Region,76,Auckland,Auckland,2.04121192,2.04121192,6772.95767749,
144100,Onehunga West,Onehunga West,2,Auckland Region,Auckland Region,76,Auckland,Auckland,1.12226087,1.12226087,4859.32924793,
144200,Ellerslie West,Ellerslie West,2,Auckland Region,Auckland Region,76,Auckland,Auckland,0.39993598,0.39993598,4450.71908016,
144300,Onehunga North,Onehunga North,2,Auckland Region,Auckland Region,76,Auckland,Auckland,0.77236244,0.77236244,5129.93673993,
144800,Ellerslie South,Ellerslie South,2,Auckland Region,Auckland Region,76,Auckland,Auckland,0.82740713,0.82740713,4843.06275687,
144900,Stonefields West,Stonefields West,2,Auckland Region,Auckland Region,76,Auckland,Auckland,0.54220765,0.54220765,3966.72417491,
145100,Glendowie South,Glendowie South,2,Auckland Region,Auckland Region,76,Auckland,Auckland,2.01323786,2.01323786,8117.5107654,
145400,Panmure Glen Innes Industrial,Panmure Glen Innes Industrial,2,Auckland Region,Auckland Region,76,Auckland,Auckland,2.01353638,2.01353638,7615.72237963,
145500,Onehunga-Te Papapa Industrial,Onehunga-Te Papapa Industrial,2,Auckland Region,Auckland Region,76,Auckland,Auckland,3.03065134,3.03065134,12309.8961054,
145600,Te Papapa,Te Papapa,2,Auckland Region,Auckland Region,76,Auckland,Auckland,0.71125763,0.71125763,3968.59023072,
146000,Mount Wellington North East,Mount Wellington North East,2,Auckland Region,Auckland Region,76,Auckland,Auckland,0.72703078,0.72703078,5118.66989642,
145800,Glen Innes East-Wai O Taiki Bay,Glen Innes East-Wai O Taiki Bay,2,Auckland Region,Auckland Region,76,Auckland,Auckland,1.39723294,1.39723294,5457.86187054,
145900,Penrose,Penrose,2,Auckland Region,Auckland Region,76,Auckland,Auckland,6.4210987,6.4210987,16546.3690974,
146200,Mount Wellington Ferndale,Mount Wellington Ferndale,2,Auckland Region,Auckland Region,76,Auckland,Auckland,0.85764389,0.85764389,4722.08997944,
146300,Point England,Point England,2,Auckland Region,Auckland Region,76,Auckland,Auckland,1.49144757,1.49144757,6988.69909853,
146700,Panmure West,Panmure West,2,Auckland Region,Auckland Region,76,Auckland,Auckland,0.64353778,0.64353778,6058.29847001,
146400,Bucklands Beach North,Bucklands Beach North,2,Auckland Region,Auckland Region,76,Auckland,Auckland,1.38358082,1.38358082,8204.38979221,
146500,Mount Wellington East,Mount Wellington East,2,Auckland Region,Auckland Region,76,Auckland,Auckland,0.59952027,0.59952027,4813.04995741,
146600,Mount Wellington West,Mount Wellington West,2,Auckland Region,Auckland Region,76,Auckland,Auckland,0.77910142,0.77910142,3752.74901007,
146800,Māngere Bridge,Mangere Bridge,2,Auckland Region,Auckland Region,76,Auckland,Auckland,1.61800372,1.61800372,8075.59120779,
146900,Oneroa East-Palm Beach,Oneroa East-Palm Beach,2,Auckland Region,Auckland Region,76,Auckland,Auckland,3.67354721,3.67354721,17340.759936,
147000,Tamaki,Tamaki,2,Auckland Region,Auckland Region,76,Auckland,Auckland,1.29555062,1.29555062,6066.22052148,
149800,Pakuranga Central,Pakuranga Central,2,Auckland Region,Auckland Region,76,Auckland,Auckland,1.12638416,1.12638416,4881.17756971,
147100,Panmure East,Panmure East,2,Auckland Region,Auckland Region,76,Auckland,Auckland,1.01544869,1.01544869,8187.31031248,
147200,Mount Wellington Central,Mount Wellington Central,2,Auckland Region,Auckland Region,76,Auckland,Auckland,1.20902876,1.20902876,8008.57555286,
147700,Mount Wellington Industrial,Mount Wellington Industrial,2,Auckland Region,Auckland Region,76,Auckland,Auckland,3.33235527,3.33235527,14297.2491899,
148300,Bucklands Beach Central,Bucklands Beach Central,2,Auckland Region,Auckland Region,76,Auckland,Auckland,0.57858444,0.57858444,3238.19215651,
147800,Half Moon Bay West,Half Moon Bay West,2,Auckland Region,Auckland Region,76,Auckland,Auckland,1.13581355,1.28097083,6508.46882357,
148400,Farm Cove,Farm Cove,2,Auckland Region,Auckland Region,76,Auckland,Auckland,0.97579917,0.97579917,5887.26361485,
148100,Sunnyhills West-Pakuranga North,Sunnyhills West-Pakuranga North,2,Auckland Region,Auckland Region,76,Auckland,Auckland,1.62590225,1.62590225,9903.90366319,
148500,Māngere North,Mangere North,2,Auckland Region,Auckland Region,76,Auckland,Auckland,0.71602836,0.71602836,4025.61650232,
148200,Favona North,Favona North,2,Auckland Region,Auckland Region,76,Auckland,Auckland,1.10913789,1.10913789,7017.07082519,
160300,Hillpark South,Hillpark South,2,Auckland Region,Auckland Region,76,Auckland,Auckland,1.08741478,1.08741478,4581.54574381,
149100,Mount Wellington South West,Mount Wellington South West,2,Auckland Region,Auckland Region,76,Auckland,Auckland,0.69760628,0.69760628,4234.52742722,
149200,Sunnyhills East,Sunnyhills East,2,Auckland Region,Auckland Region,76,Auckland,Auckland,0.87339845,0.87339845,4029.69838892,
149300,Half Moon Bay South East,Half Moon Bay South East,2,Auckland Region,Auckland Region,76,Auckland,Auckland,0.83624663,0.83624663,3864.88211324,
149400,Favona East,Favona East,2,Auckland Region,Auckland Region,76,Auckland,Auckland,0.63568536,0.63568536,4089.08870051,
149500,Mount Wellington South East,Mount Wellington South East,2,Auckland Region,Auckland Region,76,Auckland,Auckland,0.67399588,0.67399588,4520.11497165,
149600,Ōtāhuhu Industrial,Otahuhu Industrial,2,Auckland Region,Auckland Region,76,Auckland,Auckland,1.84535771,1.84535771,8785.05336362,
150000,Harania North,Harania North,2,Auckland Region,Auckland Region,76,Auckland,Auckland,0.94437494,0.94437494,4995.25342808,
150100,Ōtāhuhu Central,Otahuhu Central,2,Auckland Region,Auckland Region,76,Auckland,Auckland,1.26317875,1.26317875,7859.07429083,
150200,Māngere Central,Mangere Central,2,Auckland Region,Auckland Region,76,Auckland,Auckland,1.44506522,1.44506522,5300.36406619,
154800,Papatoetoe West,Papatoetoe West,2,Auckland Region,Auckland Region,76,Auckland,Auckland,1.22430317,1.22430317,5677.05984578,
158300,Hilltop (Auckland),Hilltop (Auckland),2,Auckland Region,Auckland Region,76,Auckland,Auckland,1.14347814,1.14347814,5536.92695109,
150300,Ōtāhuhu North,Otahuhu North,2,Auckland Region,Auckland Region,76,Auckland,Auckland,0.72505767,0.72505767,5345.11356471,
150500,Pakuranga Heights North West,Pakuranga Heights North West,2,Auckland Region,Auckland Region,76,Auckland,Auckland,0.76226527,0.76226527,4095.33321849,
152200,Botany Downs West,Botany Downs West,2,Auckland Region,Auckland Region,76,Auckland,Auckland,0.81328637,0.81328637,4345.7545486,
155200,Redcastle,Redcastle,2,Auckland Region,Auckland Region,76,Auckland,Auckland,0.55579282,0.55579282,3611.77064198,
150700,Pakuranga Heights East,Pakuranga Heights East,2,Auckland Region,Auckland Region,76,Auckland,Auckland,1.78960157,1.78960157,7652.28689144,
152400,Howick East,Howick East,2,Auckland Region,Auckland Region,76,Auckland,Auckland,1.10919827,1.10919827,5207.06820048,
150900,Ōtāhuhu East,Otahuhu East,2,Auckland Region,Auckland Region,76,Auckland,Auckland,0.78714454,0.78714454,8482.61284012,
151100,Onetangi,Onetangi,2,Auckland Region,Auckland Region,76,Auckland,Auckland,5.96164081,5.96164081,14452.7538861,
151200,Harania South,Harania South,2,Auckland Region,Auckland Region,76,Auckland,Auckland,0.77647221,0.77647221,4395.19338602,
151300,Highland Park (Auckland),Highland Park (Auckland),2,Auckland Region,Auckland Region,76,Auckland,Auckland,1.37567531,1.37567531,5919.36592963,
151400,Ōtāhuhu South West,Otahuhu South West,2,Auckland Region,Auckland Region,76,Auckland,Auckland,1.24164623,1.24164623,6513.76575609,
153600,Aorere Central,Aorere Central,2,Auckland Region,Auckland Region,76,Auckland,Auckland,0.61986073,0.61986073,3874.23590879,
151500,Pakuranga Heights South West,Pakuranga Heights South West,2,Auckland Region,Auckland Region,76,Auckland,Auckland,0.9734271,0.9734271,6139.51638768,
151700,Waiheke East,Waiheke East,2,Auckland Region,Auckland Region,76,Auckland,Auckland,87.58535078,87.58535078,146659.124186,
151800,Massey Road West,Massey Road West,2,Auckland Region,Auckland Region,76,Auckland,Auckland,0.69352143,0.69352143,5038.22481547,
151900,Ōtāhuhu South,Otahuhu South,2,Auckland Region,Auckland Region,76,Auckland,Auckland,0.81791928,0.81791928,6512.97798373,
152000,Howick Central,Howick Central,2,Auckland Region,Auckland Region,76,Auckland,Auckland,0.85740188,0.85740188,4240.68295762,
152100,Massey Road North,Massey Road North,2,Auckland Region,Auckland Region,76,Auckland,Auckland,0.85957715,0.85957715,5076.64906847,
155300,Botany East,Botany East,2,Auckland Region,Auckland Region,76,Auckland,Auckland,0.78145049,0.78145049,4124.74710745,
152500,Burswood,Burswood,2,Auckland Region,Auckland Region,76,Auckland,Auckland,0.52549253,0.52549253,5164.83770618,
152700,Middlemore,Middlemore,2,Auckland Region,Auckland Region,76,Auckland,Auckland,0.72022545,0.72022545,4145.50745402,
153000,Grange,Grange,2,Auckland Region,Auckland Region,76,Auckland,Auckland,1.43328522,1.43328522,10330.4394107,
155400,Botany South,Botany South,2,Auckland Region,Auckland Region,76,Auckland,Auckland,0.74938028,0.74938028,3657.23584619,
153100,Golflands,Golflands,2,Auckland Region,Auckland Region,76,Auckland,Auckland,1.40852234,1.40852234,6300.10768801,
153300,Māngere East,Mangere East,2,Auckland Region,Auckland Region,76,Auckland,Auckland,0.86864592,0.86864592,4354.48921685,
153700,Northpark North,Northpark North,2,Auckland Region,Auckland Region,76,Auckland,Auckland,0.86121999,0.86121999,4160.14258335,
157500,Chapel Downs,Chapel Downs,2,Auckland Region,Auckland Region,76,Auckland,Auckland,0.76011648,0.76011648,4399.83540135,
153400,Cockle Bay,Cockle Bay,2,Auckland Region,Auckland Region,76,Auckland,Auckland,1.72832418,1.72832418,7465.225023,
153500,Ōtara West,Otara West,2,Auckland Region,Auckland Region,76,Auckland,Auckland,1.55487013,1.55487013,7532.65573191,
157600,Wiri West,Wiri West,2,Auckland Region,Auckland Region,76,Auckland,Auckland,8.0410097,8.0410097,17683.5100847,
153800,Somerville,Somerville,2,Auckland Region,Auckland Region,76,Auckland,Auckland,1.55606601,1.55606601,5226.6074991,
153900,Northpark South,Northpark South,2,Auckland Region,Auckland Region,76,Auckland,Auckland,0.70670397,0.70670397,3601.89251274,
154000,Papatoetoe North,Papatoetoe North,2,Auckland Region,Auckland Region,76,Auckland,Auckland,0.99327429,0.99327429,5937.70078449,
154200,Aorere South,Aorere South,2,Auckland Region,Auckland Region,76,Auckland,Auckland,1.23986273,1.23986273,4949.22467363,
154500,Huntington Park,Huntington Park,2,Auckland Region,Auckland Region,76,Auckland,Auckland,0.43602247,0.43602247,3399.09201764,
154300,Shelly Park,Shelly Park,2,Auckland Region,Auckland Region,76,Auckland,Auckland,1.23160323,1.23160323,6092.20357386,
154400,Ōtara Central,Otara Central,2,Auckland Region,Auckland Region,76,Auckland,Auckland,1.52091766,1.52091766,6509.74372194,
157700,Clover Park North,Clover Park North,2,Auckland Region,Auckland Region,76,Auckland,Auckland,0.92445239,0.92445239,4284.7393456,
154900,Papatoetoe Central,Papatoetoe Central,2,Auckland Region,Auckland Region,76,Auckland,Auckland,1.457561,1.457561,6307.1998982,
155000,Sunkist Bay,Sunkist Bay,2,Auckland Region,Auckland Region,76,Auckland,Auckland,1.52795075,1.52795075,6538.49536726,
155100,Ōtara East,Otara East,2,Auckland Region,Auckland Region,76,Auckland,Auckland,0.86784542,0.86784542,4605.13304605,
155600,Papatoetoe East,Papatoetoe East,2,Auckland Region,Auckland Region,76,Auckland,Auckland,1.06859241,1.06859241,5277.15069335,
155700,Ōtara South,Otara South,2,Auckland Region,Auckland Region,76,Auckland,Auckland,0.80187121,0.80187121,5458.84850142,
155900,Papatoetoe South West,Papatoetoe South West,2,Auckland Region,Auckland Region,76,Auckland,Auckland,0.82859611,0.82859611,4377.78196827,
156000,Botany Junction,Botany Junction,2,Auckland Region,Auckland Region,76,Auckland,Auckland,2.47925104,2.47925104,6861.47024659,
156100,Dannemora North,Dannemora North,2,Auckland Region,Auckland Region,76,Auckland,Auckland,0.54833337,0.54833337,3212.2165,
156200,Papatoetoe South,Papatoetoe South,2,Auckland Region,Auckland Region,76,Auckland,Auckland,0.79596382,0.79596382,3709.25650279,
156300,East Tamaki Heights,East Tamaki Heights,2,Auckland Region,Auckland Region,76,Auckland,Auckland,1.23204159,1.23204159,4947.88044635,
156500,Puhinui North,Puhinui North,2,Auckland Region,Auckland Region,76,Auckland,Auckland,0.70326337,0.70326337,4159.87319146,
156600,Dannemora South,Dannemora South,2,Auckland Region,Auckland Region,76,Auckland,Auckland,0.63838855,0.63838855,3987.18715516,
156800,Rongomai West,Rongomai West,2,Auckland Region,Auckland Region,76,Auckland,Auckland,0.48507203,0.48507203,4752.62770568,
156900,Baverstock,Baverstock,2,Auckland Region,Auckland Region,76,Auckland,Auckland,1.09060352,1.09060352,5343.7761769,
157800,Mission Heights North,Mission Heights North,2,Auckland Region,Auckland Region,76,Auckland,Auckland,1.07264044,1.07264044,4900.66723638,
157900,Clover Park South,Clover Park South,2,Auckland Region,Auckland Region,76,Auckland,Auckland,1.18316226,1.18316226,4791.43283914,
157400,Maraetai,Maraetai,2,Auckland Region,Auckland Region,76,Auckland,Auckland,6.87636613,6.87636613,15451.1505326,
158400,Wiri East,Wiri East,2,Auckland Region,Auckland Region,76,Auckland,Auckland,1.36847895,1.36847895,5972.8595197,
158500,Goodwood Heights,Goodwood Heights,2,Auckland Region,Auckland Region,76,Auckland,Auckland,1.2815726,1.2815726,5263.28009048,
158600,Ormiston East,Ormiston East,2,Auckland Region,Auckland Region,76,Auckland,Auckland,4.41428309,4.41428309,9737.90115774,
158700,Clendon Park North,Clendon Park North,2,Auckland Region,Auckland Region,76,Auckland,Auckland,0.74920256,0.74920256,4622.38144479,
158900,Tuscany Heights,Tuscany Heights,2,Auckland Region,Auckland Region,76,Auckland,Auckland,6.62886951,6.62886951,21078.3361909,
159100,Homai East,Homai East,2,Auckland Region,Auckland Region,76,Auckland,Auckland,0.712468,0.712468,4228.70877529,
159200,Homai West,Homai West,2,Auckland Region,Auckland Region,76,Auckland,Auckland,0.91199631,0.91199631,4605.19034608,
159300,The Gardens (Auckland),The Gardens (Auckland),2,Auckland Region,Auckland Region,76,Auckland,Auckland,4.08906651,4.08906651,10884.1859979,
159400,Clarks Beach,Clarks Beach,2,Auckland Region,Auckland Region,76,Auckland,Auckland,2.67352866,2.67352866,9500.01128472,
160400,Alfriston,Alfriston,2,Auckland Region,Auckland Region,76,Auckland,Auckland,1.95225636,1.95225636,9202.76492862,
159500,Clendon Park West,Clendon Park West,2,Auckland Region,Auckland Region,76,Auckland,Auckland,0.59408604,0.59408604,3830.45571937,
159600,Hillpark North,Hillpark North,2,Auckland Region,Auckland Region,76,Auckland,Auckland,0.65970782,0.65970782,3836.32594018,
159700,Clendon Park East,Clendon Park East,2,Auckland Region,Auckland Region,76,Auckland,Auckland,0.46283706,0.46283706,3370.85837478,
159900,Rowandale West,Rowandale West,2,Auckland Region,Auckland Region,76,Auckland,Auckland,0.68739207,0.68739207,3322.10484864,
160000,Rowandale East,Rowandale East,2,Auckland Region,Auckland Region,76,Auckland,Auckland,0.83109932,0.83109932,3779.95895837,
160100,Manurewa Central,Manurewa Central,2,Auckland Region,Auckland Region,76,Auckland,Auckland,1.07399237,1.07399237,5628.46874891,
160500,Weymouth East,Weymouth East,2,Auckland Region,Auckland Region,76,Auckland,Auckland,0.98790649,0.98790649,5541.11415904,
161200,Wattle Downs North,Wattle Downs North,2,Auckland Region,Auckland Region,76,Auckland,Auckland,0.55995141,0.55995141,4061.98241992,
161300,Randwick Park West,Randwick Park West,2,Auckland Region,Auckland Region,76,Auckland,Auckland,0.70415333,0.70415333,4706.11883909,
160700,Weymouth South,Weymouth South,2,Auckland Region,Auckland Region,76,Auckland,Auckland,1.05806109,1.05806109,5309.44034511,
160800,Manurewa East,Manurewa East,2,Auckland Region,Auckland Region,76,Auckland,Auckland,0.82830357,0.82830357,3942.26265153,
160900,Manurewa South,Manurewa South,2,Auckland Region,Auckland Region,76,Auckland,Auckland,1.21704415,1.21704415,5673.2493197,
161100,Wattle Downs West,Wattle Downs West,2,Auckland Region,Auckland Region,76,Auckland,Auckland,1.47723242,1.47723242,8936.87688071,
161500,Wattle Downs East,Wattle Downs East,2,Auckland Region,Auckland Region,76,Auckland,Auckland,1.01653039,1.01653039,5607.29898218,
161600,Takanini North,Takanini North,2,Auckland Region,Auckland Region,76,Auckland,Auckland,5.2780998,5.2780998,10348.7814843,
161700,Takanini Industrial,Takanini Industrial,2,Auckland Region,Auckland Region,76,Auckland,Auckland,0.88069805,0.88069805,4519.87404056,
162100,Takanini South,Takanini South,2,Auckland Region,Auckland Region,76,Auckland,Auckland,2.31946549,2.31946549,6690.93219696,
161800,Conifer Grove West,Conifer Grove West,2,Auckland Region,Auckland Region,76,Auckland,Auckland,1.58524567,1.58524567,7393.64138532,
161900,Conifer Grove East,Conifer Grove East,2,Auckland Region,Auckland Region,76,Auckland,Auckland,0.64940351,0.64940351,4509.2208293,
162000,Takanini West,Takanini West,2,Auckland Region,Auckland Region,76,Auckland,Auckland,0.68632749,0.68632749,4577.05575238,
162200,Takanini Central,Takanini Central,2,Auckland Region,Auckland Region,76,Auckland,Auckland,1.07589786,1.07589786,7123.92045267,
162800,Papakura West,Papakura West,2,Auckland Region,Auckland Region,76,Auckland,Auckland,0.56056305,0.56056305,4442.07210401,
162900,Clevedon,Clevedon,2,Auckland Region,Auckland Region,76,Auckland,Auckland,49.97190707,49.97190707,41137.7624544,
163000,Papakura North,Papakura North,2,Auckland Region,Auckland Region,76,Auckland,Auckland,1.24891692,1.24891692,5509.39823456,
163100,Pahurehure,Pahurehure,2,Auckland Region,Auckland Region,76,Auckland,Auckland,1.20701874,1.20701874,6197.74457618,
163200,Papakura Central,Papakura Central,2,Auckland Region,Auckland Region,76,Auckland,Auckland,1.56521599,1.56521599,6783.94481626,
163300,Papakura North East,Papakura North East,2,Auckland Region,Auckland Region,76,Auckland,Auckland,1.48786224,1.48786224,7051.13723984,
163500,Papakura Kelvin,Papakura Kelvin,2,Auckland Region,Auckland Region,76,Auckland,Auckland,1.01707643,1.01707643,4081.95987979,
163802,Patumāhoe Rural,Patumahoe Rural,2,Auckland Region,Auckland Region,76,Auckland,Auckland,32.56114265,32.56114265,33855.9930486,
163900,Papakura East,Papakura East,2,Auckland Region,Auckland Region,76,Auckland,Auckland,2.01829846,2.01829846,8274.34201125,
164000,Ōpaheke,Opaheke,2,Auckland Region,Auckland Region,76,Auckland,Auckland,1.10863523,1.10863523,5338.37707731,
164100,Papakura Industrial,Papakura Industrial,2,Auckland Region,Auckland Region,76,Auckland,Auckland,1.5381349,1.5381349,5864.3301614,
164200,Red Hill,Red Hill,2,Auckland Region,Auckland Region,76,Auckland,Auckland,2.10233098,2.10233098,7821.07973058,
164300,Drury,Drury,2,Auckland Region,Auckland Region,76,Auckland,Auckland,10.3929352,10.3929352,28553.129879,
164400,Tamakae,Tamakae,2,Auckland Region,Auckland Region,76,Auckland,Auckland,1.34096252,1.34096252,6637.62061236,
164700,Waiuku Central,Waiuku Central,2,Auckland Region,Auckland Region,76,Auckland,Auckland,1.13149718,1.13149718,7478.25453559,
164500,Hamilton Estate,Hamilton Estate,2,Auckland Region,Auckland Region,76,Auckland,Auckland,2.25936493,2.25936493,10157.1163846,
164600,Drury Rural,Drury Rural,2,Auckland Region,Auckland Region,76,Auckland,Auckland,36.02148336,36.02148336,36148.3742986,
164900,Kendallvale,Kendallvale,2,Auckland Region,Auckland Region,76,Auckland,Auckland,2.14461759,2.14461759,8918.47304437,
165000,Puni,Puni,2,Auckland Region,Auckland Region,76,Auckland,Auckland,38.19169438,38.19169438,39390.8559422,
165100,Ramarama,Ramarama,2,Auckland Region,Auckland Region,76,Auckland,Auckland,43.61293335,43.61293335,35189.6197318,
165300,Pukekohe North West,Pukekohe North West,2,Auckland Region,Auckland Region,76,Auckland,Auckland,4.78281554,4.78281554,12607.3624836,
165400,Anselmi Ridge,Anselmi Ridge,2,Auckland Region,Auckland Region,76,Auckland,Auckland,7.53407825,7.53407825,15411.4426661,
165500,Pukekohe West,Pukekohe West,2,Auckland Region,Auckland Region,76,Auckland,Auckland,2.20726057,2.20726057,7266.41283103,
165600,Cape Hill,Cape Hill,2,Auckland Region,Auckland Region,76,Auckland,Auckland,0.71647936,0.71647936,3571.95173818,
165800,Rooseville Park,Rooseville Park,2,Auckland Region,Auckland Region,76,Auckland,Auckland,1.34680417,1.34680417,6013.94960821,
165900,Cloverlea (Auckland),Cloverlea (Auckland),2,Auckland Region,Auckland Region,76,Auckland,Auckland,2.37781818,2.37781818,8348.56483205,
166000,Pukekohe Central,Pukekohe Central,2,Auckland Region,Auckland Region,76,Auckland,Auckland,2.93888905,2.93888905,9220.18983549,
166100,Pukekohe Hospital,Pukekohe Hospital,2,Auckland Region,Auckland Region,76,Auckland,Auckland,0.73485926,0.73485926,4932.40172465,
166300,Bombay Hills,Bombay Hills,2,Auckland Region,Auckland Region,76,Auckland,Auckland,31.67148975,31.67148975,37334.8338143,
166400,Ararimu,Ararimu,2,Auckland Region,Auckland Region,76,Auckland,Auckland,90.92541526,90.92541526,58856.4242716,
